,,,
,,,
,Name,Email,Coding
,Melanie,testuser1@example.com,65
,Connor,testuser2@example.com,34
,Karen,testuser3@example.com,69
,Brian,testuser4@example.com,87
,Amy,testuser5@example.com,11
,Victor,testuser6@example.com,20
,Sue,testuser7@example.com,9
,Rebecca,testuser8@example.com,5
,Adam,testuser9@example.com,98
,Christopher,testuser10@example.com,66
,Andrea,testuser11@example.com,38
,Jennifer,testuser12@example.com,86
,Yvonne,testuser13@example.com,10
,Frank,testuser14@example.com,76
,Paul,testuser15@example.com,60
,Adam,testuser16@example.com,37
,Lillian,testuser17@example.com,91
,Tracey,testuser18@example.com,32
,Phil,testuser19@example.com,100
,Andrew,testuser20@example.com,68
,Gavin,testuser21@example.com,14
,Rose,testuser22@example.com,13
,Leah,testuser23@example.com,29
,Irene,testuser24@example.com,84
,Lily,testuser25@example.com,13
,Mary,testuser26@example.com,75
,Sally,testuser27@example.com,35
,Kevin,testuser28@example.com,14
,Robert,testuser29@example.com,81
,Lily,testuser30@example.com,88
,Brian,testuser31@example.com,18
,Keith,testuser32@example.com,68
,Zoe,testuser33@example.com,28
,Audrey,testuser34@example.com,17
,Joe,testuser35@example.com,35
,Vanessa,testuser36@example.com,56
,Karen,testuser37@example.com,65
,Chloe,testuser38@example.com,23
,Charles,testuser39@example.com,26
,Adrian,testuser40@example.com,58