,Name,Email,Communication_skills
,Melanie,testuser1@example.com,16
,Connor,testuser2@example.com,94
,Karen,testuser3@example.com,68
,Brian,testuser4@example.com,77
,Amy,testuser5@example.com,43
,Victor,testuser6@example.com,41
,Sue,testuser7@example.com,99
,Rebecca,testuser8@example.com,14
,Adam,testuser9@example.com,93
,Christopher,testuser10@example.com,13
,Andrea,testuser11@example.com,87
,Jennifer,testuser12@example.com,32
,Yvonne,testuser13@example.com,85
,Frank,testuser14@example.com,94
,Paul,testuser15@example.com,9
,Adam,testuser16@example.com,60
,Lillian,testuser17@example.com,24
,Tracey,testuser18@example.com,69
,Phil,testuser19@example.com,81
,Andrew,testuser20@example.com,69
,Gavin,testuser21@example.com,16
,Rose,testuser22@example.com,39
,Leah,testuser23@example.com,25
,Irene,testuser24@example.com,100
,Lily,testuser25@example.com,67
,Mary,testuser26@example.com,8
,Sally,testuser27@example.com,90
,Kevin,testuser28@example.com,36
,Robert,testuser29@example.com,83
,Lily,testuser30@example.com,25
,Brian,testuser31@example.com,42
,Keith,testuser32@example.com,59
,Zoe,testuser33@example.com,5
,Audrey,testuser34@example.com,32
,Joe,testuser35@example.com,69
,Vanessa,testuser36@example.com,33
,Karen,testuser37@example.com,11
,Chloe,testuser38@example.com,6
,Charles,testuser39@example.com,85
,Adrian,testuser40@example.com,44