,Name,Email,Leadership
,Melanie,testuser1@example.com,53
,Connor,testuser2@example.com,55
,Karen,testuser3@example.com,74
,Brian,testuser4@example.com,71
,Amy,testuser5@example.com,80
,Victor,testuser6@example.com,71
,Sue,testuser7@example.com,11
,Rebecca,testuser8@example.com,9
,Adam,testuser9@example.com,65
,Christopher,testuser10@example.com,59
,Andrea,testuser11@example.com,77
,Jennifer,testuser12@example.com,42
,Yvonne,testuser13@example.com,77
,Frank,testuser14@example.com,89
,Paul,testuser15@example.com,74
,Adam,testuser16@example.com,59
,Lillian,testuser17@example.com,97
,Tracey,testuser18@example.com,63
,Phil,testuser19@example.com,44
,Andrew,testuser20@example.com,75
,Gavin,testuser21@example.com,4
,Rose,testuser22@example.com,14
,Leah,testuser23@example.com,24
,Irene,testuser24@example.com,12
,Lily,testuser25@example.com,82
,Mary,testuser26@example.com,100
,Sally,testuser27@example.com,61
,Kevin,testuser28@example.com,13
,Robert,testuser29@example.com,45
,Lily,testuser30@example.com,22
,Brian,testuser31@example.com,33
,Keith,testuser32@example.com,10
,Zoe,testuser33@example.com,71
,Audrey,testuser34@example.com,57
,Joe,testuser35@example.com,54
,Vanessa,testuser36@example.com,1
,Karen,testuser37@example.com,86
,Chloe,testuser38@example.com,62
,Charles,testuser39@example.com,11
,Adrian,testuser40@example.com,25